baName,postId,title,content,publishTime,date,available_date
600157,1386917100,永泰能源，2023年最后买入1.38，1.35。,永泰能源，2023年最后买入1.38，1.35。,2024-01-01 00:00:00,2024-01-01,2024-01-02
002354,1386958256,天娱数科:2023年12月28日投资者关系活动记录表,天娱数科:2023年12月28日投资者关系活动记录表[点击查看PDF原文],2024-01-01 00:00:00,2024-01-01,2024-01-02
601888,1386917102,新年快乐，预祝中国中免龙年行大运，业绩蒸蒸日上，加油[上涨][上涨][上涨],$中国中免(SH601888)$ 新年快乐，预祝中国中免龙年行大运，业绩蒸蒸日上，加油[上涨][上涨][上涨],2024-01-01 00:00:02,2024-01-01,2024-01-02
830799,1386917104,展望新的一年～无论你身在何方～战神联盟永远是你可以依靠的坚强臂膀～～谨祝大家新年,展望新的一年～无论你身在何方～战神联盟永远是你可以依靠的坚强臂膀～ ～谨祝大家新年快乐～愿你心中有爱～眼里有光～所见之处～皆是美好[献花][献花][献花],2024-01-01 00:00:03,2024-01-01,2024-01-02
000657,1386917106,2024.加油,$中钨高新(SZ000657)$ 2024.加油,2024-01-01 00:00:03,2024-01-01,2024-01-02
600769,1386917107,降龙年，开年大吉,$祥龙电业(SH600769)$ 降龙年，开年大吉,2024-01-01 00:00:04,2024-01-01,2024-01-02
300455,1386917110,2024你好,$航天智装(SZ300455)$ 2024 你好,2024-01-01 00:00:06,2024-01-01,2024-01-02
301216,1386917112,$万凯新材(SZ301216)$,$万凯新材(SZ301216)$,2024-01-01 00:00:10,2024-01-01,2024-01-02
600630,1386917119,龙年大吉,$龙头股份(SH600630)$ 龙年大吉,2024-01-01 00:00:15,2024-01-01,2024-01-02
300180,1386917121,吧里无非三种人，一种被套疯了，无底线唱多。另一种则票都没有想低价拿筹码的，无底线,$华峰超纤(SZ300180)$ 吧里无非三种人，一种被套疯了，无底线唱多。另一种则票都没有想低价拿筹码的，无底线唱空。最后一种，做个看戏的就好，趋势在就拿，趋势坏该走就走。没涨过5块就想着百元，没跌破四块就想着3块多的筹码了，炒股炒出蛇精病了，也是可怜。,2024-01-01 00:00:18,2024-01-01,2024-01-02
600599,1386917126,兄弟们，开始要整改啦，禁改限今年放烟花[让我看看][让我看看][666][666,$ST熊猫(SH600599)$兄弟们 ，开始要整改啦，禁改限今年放烟花[让我看看][让我看看][666][666],2024-01-01 00:00:30,2024-01-01,2024-01-02
300623,1386917127,祝股友新年快乐,2024年,2024-01-01 00:00:31,2024-01-01,2024-01-02
002127,1386917130,国潮品牌的崛起！贴牌也是牌[大笑][大笑][大笑],国潮品牌的崛起！贴牌也是牌[大笑][大笑][大笑],2024-01-01 00:00:35,2024-01-01,2024-01-02
300042,1386917131,朗科科技:算力与存储领域核心公司,朗科科技:算力与存储领域核心公司,2024-01-01 00:00:35,2024-01-01,2024-01-02
300131,1386917132,我把退市有棵树这废柴屏蔽了。,$英唐智控(SZ300131)$ 我把退市有棵树这废柴屏蔽了。,2024-01-01 00:00:37,2024-01-01,2024-01-02
601238,1386917133,2024广汽股友发大财[上涨][上涨][上涨],$广汽集团(SH601238)$ 2024广汽股友发大财[上涨][上涨][上涨],2024-01-01 00:00:37,2024-01-01,2024-01-02
601127,1386917134,各位股东新年快乐！[福][福][福],各位股东新年快乐！[福][福][福],2024-01-01 00:00:39,2024-01-01,2024-01-02
601901,1386917135,新年快乐,新年快乐,2024-01-01 00:00:40,2024-01-01,2024-01-02
300551,1386917137,2024年最强股,古鳖科技赛高,2024-01-01 00:00:44,2024-01-01,2024-01-02
002635,1386917141,N-i牛这股倒底牛不牛星期二就知道了,$安洁科技(SZ002635)$ N-i 牛这股倒底牛不牛星期二就知道了,2024-01-01 00:00:48,2024-01-01,2024-01-02
600696,1386917148,讨论一下，现在月黄600多，高酱珍藏800多，珍品600，贵酒匠黄标500多，个,讨论一下，现在月黄600多，高酱珍藏800多，珍品600，贵酒匠黄标500多，个人认为最漂亮的带新口感的月黄合算，喜欢传统酱香的蓝瓶的高酱珍藏性价比高。,2024-01-01 00:00:57,2024-01-01,2024-01-02
600594,1386917155,新年好运！,$益佰制药(SH600594)$ 如题,2024-01-01 00:01:01,2024-01-01,2024-01-02
600488,1386917156,2024年，加油加油！,$津药药业(SH600488)$,2024-01-01 00:01:02,2024-01-01,2024-01-02
603567,1386917159,新年快乐,新年快乐,2024-01-01 00:01:08,2024-01-01,2024-01-02
003033,1386917160,开盘那天就选择方向的时候了！,开盘那天就选择方向的时候了！,2024-01-01 00:01:10,2024-01-01,2024-01-02
600186,1386917161,#【有奖】股东嘉年华，我想见到TA#,$莲花健康(SH600186)$ #【有奖】股东嘉年华，我想见到TA#,2024-01-01 00:01:12,2024-01-01,2024-01-02
600519,1386917175,客观价值与意识形态,研究任何商品，资产等无生物生命，但有时间存在的物体时，需要客观的去认知，而不能太多人性的意识形态去观察。这样我们对事物的认识会比较接近它的本质。人类的意识形态是非常高级的意识，用于爱恨情仇可以，但是，不能附加在一个无生物生命的物质之中。,2024-01-01 00:01:26,2024-01-01,2024-01-02
002238,1386917177,2024一入股市鸿运当头财源滚滚来,$天威视讯(SZ002238)$ 2024一入股市鸿运当头财源滚滚来,2024-01-01 00:01:32,2024-01-01,2024-01-02
002202,1386917179,2024暴富……,2024暴富……,2024-01-01 00:01:35,2024-01-01,2024-01-02
603162,1386917182,出货行情,下跌中继,2024-01-01 00:01:38,2024-01-01,2024-01-02
601166,1386917183,不要找答案了！答案就是兴业银行成为支付宝实际控制人！,$兴业银行(SH601166)$ 不要找答案了！答案就是兴业银行成为支付宝实际控制人！,2024-01-01 00:01:42,2024-01-01,2024-01-02
002349,1386917191,即将开启一波反弹，坚定持股待涨,$精华制药(SZ002349)$ 即将开启一波反弹，坚定持股待涨,2024-01-01 00:01:54,2024-01-01,2024-01-02
002047,1386917194,2024年龙年快乐，新年新气象，祝福自己新年快乐新年新气象，万象更新，祝自己好运,2024年龙年快乐，新年新气象，祝福自己新年快乐新年新气象，万象更新，祝自己好运，做更好的自己，加油,2024-01-01 00:02:03,2024-01-01,2024-01-02
600367,1386917196,2024，携手共进，再创好辉煌,$红星发展(SH600367)$ 2024，携手共进，再创好辉煌,2024-01-01 00:02:05,2024-01-01,2024-01-02
002649,1386917198,2024牛气冲天,2024牛气冲天,2024-01-01 00:02:07,2024-01-01,2024-01-02
600133,1386917199,我还以为是武汉新芯呢、看来猜错了、大概率是响应数据局号召、发展数据要素！,$东湖高新(SH600133)$,2024-01-01 00:02:08,2024-01-01,2024-01-02
600130,1386917202,2024年波波目标价16.18,$波导股份(SH600130)$ 2024年波波目标价16.18,2024-01-01 00:02:10,2024-01-01,2024-01-02
002952,1386917203,新年快乐,新年快乐,2024-01-01 00:02:11,2024-01-01,2024-01-02
002374,1386917204,大家新年快乐2024大家都发财,大家新年快乐 2024大家都发财,2024-01-01 00:02:14,2024-01-01,2024-01-02
002457,1386917205,新的一年！新的开始！万象更新！祝各位元旦节！快乐！股市长虹！欢声笑语迎牛市！,新的一年！新的开始！万象更新！祝各位元旦节！快乐！股市长虹！欢声笑语迎牛市！,2024-01-01 00:02:15,2024-01-01,2024-01-02
000564,1386917210,新的一年，祝大家发发发,$ST大集(SZ000564)$,2024-01-01 00:02:26,2024-01-01,2024-01-02
603004,1386917212,2024鼎龙起飞,$C鼎龙(SH603004)$2024鼎龙起飞,2024-01-01 00:02:28,2024-01-01,2024-01-02
002196,1386917214,中国某新能源新势力,$方正电机(SZ002196)$中国某新能源新势力,2024-01-01 00:02:33,2024-01-01,2024-01-02
603977,1386917215,2000万人观看，给浏阳点赞[笑哭][笑哭]现在贵阳外面也是一直在放,$国泰集团(SH603977)$2000万人观看，给浏阳点赞[笑哭][笑哭]现在贵阳外面也是一直在放,2024-01-01 00:02:33,2024-01-01,2024-01-02
002021,1386917218,年报太迟了，这下要到二块下面去了,$*ST中捷(SZ002021)$ 年报太迟了，这下要到二块下面去了,2024-01-01 00:02:41,2024-01-01,2024-01-02
002457,1386917219,2024，青龙大吉！,2024，青龙大吉！,2024-01-01 00:02:42,2024-01-01,2024-01-02
300510,1386917220,新年快乐，预祝金冠股份未来10倍大牛,$金冠股份(SZ300510)$ 新年快乐，预祝金冠股份未来10倍大牛,2024-01-01 00:02:44,2024-01-01,2024-01-02
600221,1386917222,新年快乐！！！,新年快乐！！！,2024-01-01 00:02:44,2024-01-01,2024-01-02
600231,1386917223,新年快乐凌钢股份更上一层楼,新年快乐凌钢股份更上一层楼,2024-01-01 00:02:45,2024-01-01,2024-01-02
300409,1386917227,从2014年开跌如今2024年了！10年啦！日本人都打跑了！你还在跌跌不休！祝各,$道氏技术(SZ300409)$ 从2014年开跌如今2024年了！10年啦！日本人都打跑了！你还在跌跌不休！祝各位股东万事如意心想事成！,2024-01-01 00:02:48,2024-01-01,2024-01-02
601318,1386917229,周二开盘，中证50指数横空出世，保险股只平安一家入围，高开高走已成定局！,$中国平安(SH601318)$ 周二开盘，中证50指数横空出世，保险股只平安一家入围，高开高走已成定局！,2024-01-01 00:02:49,2024-01-01,2024-01-02
000603,1386917234,2024年目标价26.28,$盛达资源(SZ000603)$ 2024年目标价26.28,2024-01-01 00:02:58,2024-01-01,2024-01-02
300742,1386917235,大家可以翻我的帖子，我百分百做ST，最好的收益是21年，收益是150％多，最大获,大家可以翻我的帖子，我百分百做ST，最好的收益是21年，收益是150％多，最大获利的个股是康美。但后来在中昌栽了跟头。公司也是内斗，最后实际控制人豁免了债务，朋友也豁免了一部分，都是从银行手里购买接手的。但最后退市了，我赔了不少钱。泛海在9.22号当天放出10个亿的天量果断卖出，并发文提示警惕。这一次在越博，我再一次嗅到了危险的信号。忠言逆耳历来如此，但确实现实，祝好运，2024股票长虹……,2024-01-01 00:02:58,2024-01-01,2024-01-02
600759,1386917240,祝主力新年快乐新的一年赏点饭吃还有老婆小孩要养。谢谢,$*ST洲际(SH600759)$ 祝主力新年快乐 新的一年赏点饭吃 还有老婆小孩要养。谢谢,2024-01-01 00:03:03,2024-01-01,2024-01-02
688549,1386917241,强烈建议，所有转融通，都要每天公示，这样散户看到了，大不了不买，你们机构游资，自,强烈建议，所有转融通，都要每天公示，这样散户看到了，大不了不买，你们机构游资，自己去玩吧 。比如　12月29日，根据科创板战略配售可出借信息显示，中巨芯限售流通股为121371.15万股，可出借股份8556.14万股，出借余量为198.69万股。中巨芯现在8200万股做空，买不完，根本买不完！！！大家割肉了，你们自己玩去吧。这个市场，真的非常不公平。,2024-01-01 00:03:04,2024-01-01,2024-01-02
002176,1386917244,你好2024，祝江特在新的一年里步步高升！,你好2024，祝江特在新的一年里步步高升！,2024-01-01 00:03:06,2024-01-01,2024-01-02
300742,1386917245,完蛋了。各位，节哀顺变,完蛋了。各位，节哀顺变,2024-01-01 00:03:06,2024-01-01,2024-01-02
600868,1386917246,，1月30号有惊喜，,$梅雁吉祥(SH600868)$ ，1月30号有惊喜，,2024-01-01 00:03:09,2024-01-01,2024-01-02
601599,1386917247,周二闷sha？可是如果不是抄短线，对于三年以上的老鸟不也意味着机会，5.2+，你,周二闷sha？可是如果不是抄短线，对于三年以上的老鸟不也意味着机会，5.2+，你有多少胆气拉高仓位？但是3-4呢？不是闭眼买,2024-01-01 00:03:10,2024-01-01,2024-01-02
002862,1386917248,跨年大妖股24年了,$实丰文化(SZ002862)$ 跨年大妖股24年了,2024-01-01 00:03:11,2024-01-01,2024-01-02
300676,1386917250,垃圾公司，上市圈完钱后，挣钱能力一塌糊涂。,垃圾公司，上市圈完钱后，挣钱能力一塌糊涂。,2024-01-01 00:03:13,2024-01-01,2024-01-02
002063,1386917251,首先所有持有远光股友新年发财！,88888！,2024-01-01 00:03:17,2024-01-01,2024-01-02
603926,1386917253,新年快乐,$铁流股份(SH603926)$ 新年快乐,2024-01-01 00:03:19,2024-01-01,2024-01-02
600084,1386917255,元旦快乐！2024龙年吉祥财运旺旺！中信尼雅一路长虹！,$中信尼雅(SH600084)$ 元旦快乐！2024龙年吉祥财运旺旺！中信尼雅一路长虹！,2024-01-01 00:03:19,2024-01-01,2024-01-02
002682,1386917256,祝各位龙年发发发,祝各位龙年发发发,2024-01-01 00:03:20,2024-01-01,2024-01-02
002927,1386917257,2024目标价38.38,$泰永长征(SZ002927)$ 2024目标价38.38,2024-01-01 00:03:24,2024-01-01,2024-01-02
600462,1386917264,买入。好不容易等来一个跌停,$ST九有(SH600462)$ 买入。好不容易等来一个跌停,2024-01-01 00:03:39,2024-01-01,2024-01-02
301578,1386917265,做遥控器，这样的小公司，广东有的是，一抓一大把，一年内最低20。,$C辰奕(SZ301578)$ 做遥控器，这样的小公司，广东有的是，一抓一大把，一年内最低20。,2024-01-01 00:03:40,2024-01-01,2024-01-02
600238,1386917270,[拜神],$海南椰岛(SH600238)$ [拜神],2024-01-01 00:03:45,2024-01-01,2024-01-02
603869,1386917272,$新智认知(SH603869)$,$新智认知(SH603869)$,2024-01-01 00:03:48,2024-01-01,2024-01-02
002517,1386917275,2024年了……加油,2024年了……加油,2024-01-01 00:03:51,2024-01-01,2024-01-02
603926,1386917279,祝铁流股份的股友们元旦快乐、心想事成！,祝铁流股份的股友们元旦快乐、心想事成！,2024-01-01 00:03:57,2024-01-01,2024-01-02
600238,1386917280,2024,$海南椰岛(SH600238)$ 2024,2024-01-01 00:03:59,2024-01-01,2024-01-02
603999,1386917282,时来运转,$读者传媒(SH603999)$,2024-01-01 00:04:01,2024-01-01,2024-01-02
301459,1386917283,$丰茂股份(SZ301459)$,$丰茂股份(SZ301459)$,2024-01-01 00:04:02,2024-01-01,2024-01-02
001217,1386917289,周二涨停价清仓式给各位[呲牙],$华尔泰(SZ001217)$ 周二涨停价清仓式给各位[呲牙],2024-01-01 00:04:12,2024-01-01,2024-01-02
603626,1386917290,2024了，祝大家心想事成！,$科森科技(SH603626)$ 2024了，祝大家心想事成！,2024-01-01 00:04:15,2024-01-01,2024-01-02
300058,1386917292,2024年彪子目标价18.18,$蓝色光标(SZ300058)$ 2024年彪子目标价18.18,2024-01-01 00:04:18,2024-01-01,2024-01-02
002251,1386917294,步高，新年快乐！有没新年惊喜,步高，新年快乐！有没新年惊喜,2024-01-01 00:04:23,2024-01-01,2024-01-02
603486,1386917302,$科沃斯(SH603486)$,$科沃斯(SH603486)$,2024-01-01 00:04:31,2024-01-01,2024-01-02
000752,1386917306,新的一年，一路长红…,$*ST西发(SZ000752)$ 新的一年，一路长红…,2024-01-01 00:04:33,2024-01-01,2024-01-02
600490,1386917308,二姜输了，19个亿，,$鹏欣资源(SH600490)$ 二姜输了，19个亿，,2024-01-01 00:04:35,2024-01-01,2024-01-02
300337,1386917309,新的一年，祝各位天天涨停版,新的一年，祝各位天天涨停版,2024-01-01 00:04:35,2024-01-01,2024-01-02
301236,1386917320,软通要起飞了,软通要起飞了,2024-01-01 00:04:45,2024-01-01,2024-01-02
300742,1386917322,同志们！顶着！坚持！别让空空看咱们笑话！今晚虽说不出公告，但不要忘了白天31轮的,$*ST越博(SZ300742)$ 同志们！顶着！坚持！别让空空看咱们笑话！今晚虽说不出公告，但不要忘了白天31轮的角逐，而且明晚公告可能就出来了，相信贺总正带领团队加班加点工作中！,2024-01-01 00:04:47,2024-01-01,2024-01-02
300742,1386917326,大家元旦快乐，新的一年万事如意，买的票都长红！[拳头],大家元旦快乐，新的一年万事如意，买的票都长红！[拳头],2024-01-01 00:04:53,2024-01-01,2024-01-02
600368,1386917330,新年快乐，未来五帝,$五洲交通(SH600368)$ 小五，五爷，阿五。什么时候来个五帝？,2024-01-01 00:04:57,2024-01-01,2024-01-02
002952,1386917331,祝你们新年快乐，万事如意发大财！,$亚世光电(SZ002952)$ 祝你们新年快乐，万事如意发大财！,2024-01-01 00:04:58,2024-01-01,2024-01-02
001217,1386917336,彻底疯了，我们这全城烟火不断。这还没过年呢？就是跨年过个元旦，整个城市就沸腾了，,彻底疯了，我们这全城烟火不断。这还没过年呢？就是跨年过个元旦，整个城市就沸腾了，根本买不到烟火。绝对有料，到过年前都会疯掉。,2024-01-01 00:05:03,2024-01-01,2024-01-02
000676,1386917337,鲸鸿动能服务商网页更新了,$智度股份(SZ000676)$ 鲸鸿动能服务商网页更新了,2024-01-01 00:05:03,2024-01-01,2024-01-02
600599,1386917339,过年了，必须有烟花！,$ST熊猫(SH600599)$过年了，必须有烟花！,2024-01-01 00:05:05,2024-01-01,2024-01-02
002400,1386917340,一天不交易，难受的慌。,一天不交易，难受的慌。,2024-01-01 00:05:06,2024-01-01,2024-01-02
300657,1386917348,祝愿弘信人身体健康平安顺利，2024再创佳绩！,$弘信电子(SZ300657)$ 祝愿弘信人身体健康平安顺利，2024再创佳绩！,2024-01-01 00:05:16,2024-01-01,2024-01-02
002241,1386917350,下周开门红包是铁定的了！mr板块要高度有高度要核心也涨停，人气所向，人心所往，牛,$歌尔股份(SZ002241)$ 下周 开门红包是铁定的了！mr板块 要高度有高度 要核心也涨停，人气所向，人心所往，牛股 成！,2024-01-01 00:05:18,2024-01-01,2024-01-02
002457,1386917351,再也不对这破管子抱任何希望了，[可怜],$青龙管业(SZ002457)$ 再也不对这破管子抱任何希望了，[可怜],2024-01-01 00:05:19,2024-01-01,2024-01-02
002195,1386917354,万事俱备，只欠东风。2024年祝大家红红火火[龙头],$岩山科技(SZ002195)$ 万事俱备，只欠东风。2024年祝大家红红火火[龙头],2024-01-01 00:05:22,2024-01-01,2024-01-02
601127,1386917355,新年快乐！！！明天开盘一字板！,$赛力斯(SH601127)$ 新年快乐！！！明天开盘一字板！,2024-01-01 00:05:22,2024-01-01,2024-01-02
000536,1386917356,刚看了一个视频，视频的人说：新手机一机难求，新能源锂电池啥的……，这个新手机八成,$华映科技(SZ000536)$ 刚看了一个视频，视频的人说：新手机一机难求，新能源锂电池啥的……，这个新手机八成是华为手机，华为板块是否来一波,2024-01-01 00:05:25,2024-01-01,2024-01-02
600272,1386917368,准备操作的第一支票开开实业,$开开实业(SH600272)$关注一分钟K线支撑位放巨量买入。买入逻辑:10月24日已经已经支撑位11.35拉升，并在11月10日突破12.49，虽然上方套牢盘太重，但没想到会继续回踩并跌破支撑位11.35，无量跌破多数散户已经割肉，耐心等待突然放量,2024-01-01 00:05:41,2024-01-01,2024-01-02
600645,1386917379,新年快乐！,新年快乐！,2024-01-01 00:05:52,2024-01-01,2024-01-02
601166,1386917380,这哥们太着急了，,$兴业银行(SH601166)$ 这哥们太着急了，,2024-01-01 00:05:55,2024-01-01,2024-01-02
600872,1386917381,中炬高新2024牛股年[鼓掌][鼓掌],$中炬高新(SH600872)$ 中炬高新2024牛股年[鼓掌][鼓掌],2024-01-01 00:05:57,2024-01-01,2024-01-02
000584,1386917389,新年快乐，2024摘帽翻倍！,新年快乐，2024摘帽翻倍！,2024-01-01 00:06:05,2024-01-01,2024-01-02
300742,1386917397,贺总正在和李从华吃饭,贺总正在和李从华吃饭,2024-01-01 00:06:18,2024-01-01,2024-01-02
301236,1386917398,新年快乐！,新年快乐！,2024-01-01 00:06:18,2024-01-01,2024-01-02
300742,1386917399,吧里这些人操什么心1800多万人家都不怕，你们在怕什么？,$*ST越博(SZ300742)$ 吧里这些人操什么心1800多万人家都不怕，你们在怕什么？,2024-01-01 00:06:22,2024-01-01,2024-01-02
000546,1386917403,新年快乐！涨停相伴！,新年快乐！涨停相伴！,2024-01-01 00:06:23,2024-01-01,2024-01-02
605118,1386917404,2024新年快乐所有力鼎的家人们元旦快乐！新的一年投资顺利！主力发大财！主力发善,2024新年快乐所有力鼎的家人们元旦快乐！新的一年投资顺利！主力发大财！主力发善心！周二开盘猛拉猛打！做大做强做妖！,2024-01-01 00:06:23,2024-01-01,2024-01-02
600745,1386917406,$闻泰科技(SH600745)$,$闻泰科技(SH600745)$,2024-01-01 00:06:26,2024-01-01,2024-01-02
002655,1386917407,连板连板,连板连板,2024-01-01 00:06:31,2024-01-01,2024-01-02
600630,1386917413,新年买龙头，万事不用愁,$龙头股份(SH600630)$ 新年买龙头，万事不用愁,2024-01-01 00:06:41,2024-01-01,2024-01-02
300479,1386917419,家人们，2024，事事如意，双手一拍，要啥来啥[大笑],$神思电子(SZ300479)$ 家人们，2024，事事如意，双手一拍，要啥来啥[大笑],2024-01-01 00:06:53,2024-01-01,2024-01-02
603008,1386917420,新年快乐！！！祝大家财源广进！,$喜临门(SH603008)$ 新年快乐！！！祝大家财源广进！,2024-01-01 00:06:53,2024-01-01,2024-01-02
002682,1386917427,2024年龙年，龙字开头全部涨停[大笑],2024年龙年，龙字开头全部涨停[大笑],2024-01-01 00:07:00,2024-01-01,2024-01-02
601127,1386917428,新年好啊股友们,$赛力斯(SH601127)$ 新年好啊股友们,2024-01-01 00:07:01,2024-01-01,2024-01-02
000976,1386917440,24年新的一年~望你不要再病殃殃的了~早点好起来,24年新的一年~望你不要再病殃殃的了~早点好起来,2024-01-01 00:07:12,2024-01-01,2024-01-02
002176,1386917447,202420.24,$江特电机(SZ002176)$ 2024 20.24,2024-01-01 00:07:21,2024-01-01,2024-01-02
600630,1386917448,2024年龙年，龙字开头全部涨停,$龙头股份(SH600630)$ 2024年龙年，龙字开头全部涨停,2024-01-01 00:07:24,2024-01-01,2024-01-02
601881,1386917449,祝大家元旦快乐，2024年发大财！,$中国银河(SH601881)$ 祝大家元旦快乐，2024年发大财！,2024-01-01 00:07:27,2024-01-01,2024-01-02
001239,1386917452,开盘了开盘了跨年大妖股就是你了2024祝你们收获满满涨停板满满,$永达股份(SZ001239)$ 开盘了开盘了跨年大妖股 就是你了 2024祝你们收获满满涨停板满满,2024-01-01 00:07:29,2024-01-01,2024-01-02
300022,1386917454,2024，开门红，涨给你看，我们拭目以待。,$吉峰科技(SZ300022)$2024，开门红，涨给你看，我们拭目以待。,2024-01-01 00:07:29,2024-01-01,2024-01-02
688047,1386917456,新年快乐家人们,新年快乐家人们,2024-01-01 00:07:35,2024-01-01,2024-01-02
688256,1386917466,2024年到了。今年我看好你，只有你才是中华民族的嵴梁。加油寒武纪。,$寒武纪-U(SH688256)$ 2024年到了。今年我看好你，只有你才是中华民族的嵴梁。加油寒武纪。,2024-01-01 00:07:45,2024-01-01,2024-01-02
301236,1386917472,新年快乐,新年快乐,2024-01-01 00:07:53,2024-01-01,2024-01-02
002948,1386917475,青岛银行，建仓3.12，3.02翻四倍已加仓。,青岛银行，建仓3.12，3.02翻四倍已加仓。,2024-01-01 00:07:56,2024-01-01,2024-01-02
000564,1386917477,力争2024年！,力争2024年！,2024-01-01 00:07:57,2024-01-01,2024-01-02
831855,1386917481,新年快乐，涨到20.24就好,$浙江大农(SZ831855)$ 新年快乐，涨到20.24就好,2024-01-01 00:08:01,2024-01-01,2024-01-02
000063,1386917486,祝大家新年快乐做好人买好股行好运。,$中兴通讯(SZ000063)$ 祝大家新年快乐做好人买好股行好运。,2024-01-01 00:08:08,2024-01-01,2024-01-02
600372,1386917489,不管今年被套了多少，还是祝大家新年快乐[火箭][火箭],$中航机载(SH600372)$ 不管今年被套了多少，还是祝大家新年快乐[火箭][火箭],2024-01-01 00:08:10,2024-01-01,2024-01-02
603729,1386917491,跌停板快跑啊,跌停板快跑啊,2024-01-01 00:08:11,2024-01-01,2024-01-02
603729,1386917493,跌停板快跑啊！,跌停板快跑啊！,2024-01-01 00:08:15,2024-01-01,2024-01-02
002671,1386917496,元旦节快乐！新日历标着青龙年[想一下]果然跑来跑去两头空！,元旦节快乐！新日历标着青龙年[想一下]果然跑来跑去两头空！,2024-01-01 00:08:18,2024-01-01,2024-01-02
603729,1386917497,跌停板快跑啊跌停板快跑啊！,跌停板快跑啊跌停板快跑啊！,2024-01-01 00:08:22,2024-01-01,2024-01-02
300657,1386917498,愿2024心想事成！,$弘信电子(SZ300657)$ 愿2024心想事成！,2024-01-01 00:08:23,2024-01-01,2024-01-02
600606,1386917500,抢头香！,我一定要抢到2024年第一个赞颂胖老头儿的容颜好。。,2024-01-01 00:08:26,2024-01-01,2024-01-02
600996,1386917503,2024年心想事成，财源滚滚，万事如意！,$贵广网络(SH600996)$ 2024年心想事成，财源滚滚， 万事如意！,2024-01-01 00:08:31,2024-01-01,2024-01-02
301526,1386917505,2024加油，加油！再加油！！,$C国际复(SZ301526)$ 2024加油，加油！再加油！！,2024-01-01 00:08:32,2024-01-01,2024-01-02
600150,1386917506,2024愿中国船舶上50！,2024愿中国船舶上50！,2024-01-01 00:08:34,2024-01-01,2024-01-02
001217,1386917507,我们这禁放烟花，但此时外面烟花鞭炮声此起彼伏,我们这禁放烟花，但此时外面烟花鞭炮声此起彼伏,2024-01-01 00:08:36,2024-01-01,2024-01-02
002600,1386917509,领益新的一年并肩向前，涨涨涨涨涨涨！,领益新的一年并肩向前，涨涨涨涨涨涨！,2024-01-01 00:08:36,2024-01-01,2024-01-02
001696,1386917510,应该改为宗申时代，动力不行了。2024雄起,应该改为宗申时代，动力不行了。2024雄起,2024-01-01 00:08:37,2024-01-01,2024-01-02
000070,1386917512,新的一年祝愿特发的股友身体健康股价也翻三番！,新的一年祝愿特发的股友身体健康股价也翻三番！,2024-01-01 00:08:38,2024-01-01,2024-01-02
002063,1386917514,我在第一时间祝所有持有远光软件兄弟88888！,祝福！[鼓掌][鼓掌][鼓掌],2024-01-01 00:08:41,2024-01-01,2024-01-02
300803,1386917515,愿2024年一切都好！指南针翻倍！,$指南针(SZ300803)$ 愿2024年一切都好！指南针翻倍！,2024-01-01 00:08:43,2024-01-01,2024-01-02
300570,1386917517,辰龙,$太辰光(SZ300570)$ 辰龙,2024-01-01 00:08:45,2024-01-01,2024-01-02
000851,1386917518,祝大家新年发大财，被套的早日解套，2024年赚的盆满钵满！,祝大家新年发大财，被套的早日解套，2024年赚的盆满钵满！,2024-01-01 00:08:47,2024-01-01,2024-01-02
300455,1386917520,2024，五院加油,$航天智装(SZ300455)$ 2024，五院加油,2024-01-01 00:08:48,2024-01-01,2024-01-02
600257,1386917522,2024吃大鱼,$大湖股份(SH600257)$ 2024吃大鱼,2024-01-01 00:08:49,2024-01-01,2024-01-02
002740,1386917524,这个票怎么办。好像到一毛了。割肉下不去手了。,这个票怎么办。好像到一毛了。割肉下不去手了。,2024-01-01 00:08:52,2024-01-01,2024-01-02
001339,1386917528,三板定乾坤，鲤鱼跳龙门，带头大哥，又在胡说了,三板定乾坤，鲤鱼跳龙门，带头大哥，又在胡说了,2024-01-01 00:08:55,2024-01-01,2024-01-02
002345,1386917543,此票可以看的更远一些，破前高6.97没问题。,此票可以看的更远一些，破前高6.97没问题。,2024-01-01 00:09:14,2024-01-01,2024-01-02
600593,1386917544,祝贺大连圣亚股吧的朋友们：2024年财运亨通，股票大涨，家庭幸福，一切都好！,$大连圣亚(SH600593)$ 祝贺大连圣亚股吧的朋友们：2024年财运亨通，股票大涨，家庭幸福，一切都好！,2024-01-01 00:09:15,2024-01-01,2024-01-02
002021,1386917545,跌停板快跑啊！！！跌停板快跑啊,跌停板快跑啊！！！跌停板快跑啊,2024-01-01 00:09:15,2024-01-01,2024-01-02
002603,1386917548,2023一年没涨停过。2024来10个涨停先。。补回来。。。,2023一年没涨停过。2024来10个涨停先。。补回来。。。,2024-01-01 00:09:18,2024-01-01,2024-01-02
834021,1386917550,流金岁月新年大气象万事胜意涨为先,$流金科技(SZ834021)$,2024-01-01 00:09:20,2024-01-01,2024-01-02
603536,1386917557,新年快乐群里的兄弟们！！！,$惠发食品(SH603536)$ 新年快乐群里的兄弟们！！！,2024-01-01 00:09:38,2024-01-01,2024-01-02
002530,1386917560,$金财互联(SZ002530)$,$金财互联(SZ002530)$,2024-01-01 00:09:44,2024-01-01,2024-01-02
002096,1386917564,还是不让放烟花今年还是悬偷偷放[捂脸][捂脸],$易普力(SZ002096)$ 还是不让放烟花 今年还是悬 偷偷放[捂脸][捂脸],2024-01-01 00:09:47,2024-01-01,2024-01-02
000735,1386917565,新年快乐,新年快乐,2024-01-01 00:09:49,2024-01-01,2024-01-02
002456,1386917566,欧菲光2024年预计可以达到15-18元,欧菲光2024年预计可以达到15-18元,2024-01-01 00:09:49,2024-01-01,2024-01-02
301526,1386917581,祝大家新年快乐财源滚滚！2024股市长虹！一起涨不停！加油加油加油！,$C国际复(SZ301526)$ 祝大家新年快乐财源滚滚！2024股市长虹！一起涨不停！加油加油加油！,2024-01-01 00:10:11,2024-01-01,2024-01-02
002683,1386917586,$广东宏大(SZ002683)$,$广东宏大(SZ002683)$,2024-01-01 00:10:18,2024-01-01,2024-01-02
600307,1386917594,核电概念，蛰伏已久，大涨在即,$酒钢宏兴(SH600307)$ 核电概念，蛰伏已久，大涨在即,2024-01-01 00:10:25,2024-01-01,2024-01-02
300002,1386917602,祝泰岳的各位股友2024旺旺旺，一路涨到100元发大财[爱心][爱心][爱心],祝泰岳的各位股友2024旺旺旺，一路涨到100元发大财[爱心][爱心][爱心],2024-01-01 00:10:42,2024-01-01,2024-01-02
002513,1386917609,一个新判断:接下来迎接新高，兄弟们,$蓝丰生化(SZ002513)$ 一个新判断:接下来迎接新高，兄弟们,2024-01-01 00:10:57,2024-01-01,2024-01-02
600641,1386917611,愿新年胜旧年,$万业企业(SH600641)$ 愿新年胜旧年,2024-01-01 00:10:58,2024-01-01,2024-01-02
000046,1386917614,2024期待泛海带着我们奔赴未来，期待你翻身,$*ST泛海(SZ000046)$ 2024期待泛海带着我们奔赴未来，期待你翻身,2024-01-01 00:11:01,2024-01-01,2024-01-02
002021,1386917615,至少5个跌停板,至少5个跌停板,2024-01-01 00:11:01,2024-01-01,2024-01-02
300799,1386917617,不怪的新股总是能发出去，左江吧这里找到答案了,$*ST左江(SZ300799)$ 不怪的新股总是能发出去，左江吧这里找到答案了,2024-01-01 00:11:04,2024-01-01,2024-01-02
601127,1386917618,除了10大股东持股流通在外的不到480亿这点筹码看谁能快速拿到手了未来股价200,除了10大股东持股 流通在外的不到480亿 这点筹码看谁能快速拿到手了 未来股价200不在话下,2024-01-01 00:11:07,2024-01-01,2024-01-02
002416,1386917620,今年十倍股,今年十倍股,2024-01-01 00:11:08,2024-01-01,2024-01-02
002559,1386917621,股东们新年快乐，股票涨涨涨,$亚威股份(SZ002559)$ 股东们新年快乐，股票涨涨涨,2024-01-01 00:11:10,2024-01-01,2024-01-02
002717,1386917627,希望一年的好运从岭南开始,$岭南股份(SZ002717)$ 希望一年的好运从岭南开始,2024-01-01 00:11:22,2024-01-01,2024-01-02
601818,1386917630,龙年大吉！[献花]祝福所有的投资者以及自己:新年快乐！平安健康！投资顺利！拥有光,龙年大吉！[献花]祝福所有的投资者以及自己:新年快乐！平安健康！投资顺利！拥有光大银行，就拥有了财富增值的密码！[献花][献花][献花][献花][献花][献花],2024-01-01 00:11:25,2024-01-01,2024-01-02
603711,1386917632,看来是要走加速了，买不进去了,$香飘飘(SH603711)$ 看来是要走加速了，买不进去了,2024-01-01 00:11:31,2024-01-01,2024-01-02
002682,1386917634,龙年到，龙洲跃，龙的传人也光耀，中国人是龙！龙腾天下，祝祖国繁荣昌盛！,$龙洲股份(SZ002682)$ 龙年到，龙洲跃，龙的传人也光耀，中国人是龙！龙腾天下，祝祖国繁荣昌盛！,2024-01-01 00:11:33,2024-01-01,2024-01-02
603004,1386917635,我的所有评论归零,我的所有评论归零,2024-01-01 00:11:39,2024-01-01,2024-01-02
000564,1386917636,2024来了，让我们继续积极力争，全力以赴引进战投。因为我们有了期待，也因为我们,2024来了，让我们继续积极力争，全力以赴引进战投。因为我们有了期待，也因为我们能够力争全力，那么就接着潜伏守候吧！[偷笑][偷笑][偷笑][偷笑],2024-01-01 00:11:39,2024-01-01,2024-01-02
002699,1386917641,祝愿2024年各位股友股市长虹！,祝愿2024年各位股友股市长虹！,2024-01-01 00:11:48,2024-01-01,2024-01-02
300418,1386917642,HappyNewYear,$昆仑万维(SZ300418)$ Happy New Year,2024-01-01 00:11:51,2024-01-01,2024-01-02
002570,1386917643,贝因美2023年渣，2024年也许变为优等生呢,贝因美2023年渣，2024年也许变为优等生呢,2024-01-01 00:11:51,2024-01-01,2024-01-02
002252,1386917650,2024，祝愿莱士越来越好，祝愿大家健康平安发财,2024，祝愿莱士越来越好，祝愿大家健康平安发财,2024-01-01 00:12:02,2024-01-01,2024-01-02
300467,1386917653,[火箭]迅游科技的庄家和散户们辛苦了[财神]2024赚10个亿[大笑],$迅游科技(SZ300467)$ [火箭]迅游科技的庄家和散户们辛苦了[财神]2024赚10个亿[大笑],2024-01-01 00:12:11,2024-01-01,2024-01-02
600895,1386917657,2024期待暴涨,2024期待暴涨,2024-01-01 00:12:23,2024-01-01,2024-01-02
600383,1386917658,2023年金地险守前10，相信24年会触底反弹吧，大家新年快乐,$金地集团(SH600383)$ 2023年金地险守前10，相信24年会触底反弹吧，大家新年快乐,2024-01-01 00:12:23,2024-01-01,2024-01-02
600170,1386917659,挖槽，还有这么垃圾的股啊，连反弹都没有，周一买入一千股[大笑],挖槽，还有这么垃圾的股啊，连反弹都没有，周一买入一千股[大笑],2024-01-01 00:12:27,2024-01-01,2024-01-02
600571,1386917661,转发,转发,2024-01-01 00:12:28,2024-01-01,2024-01-02
601012,1386917662,有种你就在跌一年,$隆基绿能(SH601012)$ 有种你就在跌一年,2024-01-01 00:12:29,2024-01-01,2024-01-02
600418,1386917663,北汽蓝谷投了十几个亿改造生产线。江淮投102亿，新建生产线。都是和华为合作，差别,$江淮汽车(SH600418)$北汽蓝谷投了十几个亿改造生产线。江淮投102亿，新建生产线。都是和华为合作，差别有点大。华为的四界合作伙伴，都值得关注。,2024-01-01 00:12:30,2024-01-01,2024-01-02
002373,1386917665,蚂蚁集团24年年上市了吗,$千方科技(SZ002373)$ 蚂蚁集团24年年上市了吗,2024-01-01 00:12:33,2024-01-01,2024-01-02
002739,1386917668,打破中国影史同期票房最高记录,$万达电影(SZ002739)$打破中国影史同期票房最高记录,2024-01-01 00:12:36,2024-01-01,2024-01-02
600303,1386917678,祝大家元旦快乐新的2024，希望都能得偿所愿,$ST曙光(SH600303)$ 祝大家元旦快乐 新的2024，希望都能得偿所愿,2024-01-01 00:12:52,2024-01-01,2024-01-02
002812,1386917683,2024期待暴涨,2024期待暴涨,2024-01-01 00:12:56,2024-01-01,2024-01-02
600807,1386917691,发发发,发发发,2024-01-01 00:13:10,2024-01-01,2024-01-02
002456,1386917692,负债率有点高了吧，,负债率有点高了吧，,2024-01-01 00:13:11,2024-01-01,2024-01-02
301236,1386917696,祝各位投资者元旦快乐！万象更新！,$软通动力(SZ301236)$ 祝各位投资者元旦快乐！万象更新！,2024-01-01 00:13:18,2024-01-01,2024-01-02
002308,1386917697,$威创股份(SZ002308)$,$威创股份(SZ002308)$,2024-01-01 00:13:19,2024-01-01,2024-01-02
600713,1386917698,2024期待暴涨,2024期待暴涨,2024-01-01 00:13:22,2024-01-01,2024-01-02
601166,1386917699,好事就要做好！！,周二开盘兴业又大涨5个点， 全天收盘涨3个点， 带动大盘继续上升40个点， 难道兴业不配涨停吗？？2023年报十送三股分5元。,2024-01-01 00:13:22,2024-01-01,2024-01-02
603002,1386917700,2024您早！在辞旧迎新的夜晚，祝大家新年快乐！愿平安，日复一日！愿幸福，年复一,$宏昌电子(SH603002)$ 2024您早！在辞旧迎新的夜晚，祝大家新年快乐！愿平安，日复一日！愿幸福，年复一年！愿健康，久久相伴！愿快乐，时时拥有！愿宏昌，繁荣昌盛！股价翻番，愿你2024，财富自由！,2024-01-01 00:13:25,2024-01-01,2024-01-02
603158,1386917703,腾龙,$腾龙股份(SH603158)$腾龙,2024-01-01 00:13:28,2024-01-01,2024-01-02
300007,1386917705,新年买买买！,$汉威科技(SZ300007)$ 新年买买买！,2024-01-01 00:13:30,2024-01-01,2024-01-02
600106,1386917707,十倍股,十倍股,2024-01-01 00:13:31,2024-01-01,2024-01-02
600116,1386917708,$三峡水利(SH600116)$,$三峡水利(SH600116)$,2024-01-01 00:13:35,2024-01-01,2024-01-02
000584,1386917711,2024，翻倍加油,2024，翻倍加油,2024-01-01 00:13:39,2024-01-01,2024-01-02
600859,1386917712,新年快乐,新年快乐,2024-01-01 00:13:42,2024-01-01,2024-01-02
002660,1386917714,二连板以前，已经有出现过两个涨停，且每个涨停之后都进行了充分的洗盘，随后的二连板,二连板以前，已经有出现过两个涨停，且每个涨停之后都进行了充分的洗盘，随后的二连板又是换手板，节后应该加速。这也是人气高的原因。,2024-01-01 00:13:47,2024-01-01,2024-01-02
601288,1386917716,元旦快乐！,元旦快乐！,2024-01-01 00:13:50,2024-01-01,2024-01-02
002241,1386917718,大家新年快乐，股市一路长虹，发发发,$歌尔股份(SZ002241)$ 大家新年快乐，股市一路长虹，发发发,2024-01-01 00:13:52,2024-01-01,2024-01-02
001308,1386917721,跨年，周二涨停,$康冠科技(SZ001308)$ 跨年，周二涨停,2024-01-01 00:13:56,2024-01-01,2024-01-02
002045,1386917722,大家跟我一起念：N-iu,$国光电器(SZ002045)$ 大家跟我一起念：N-iu,2024-01-01 00:13:57,2024-01-01,2024-01-02
002069,1386917724,股价不涨，买不起海参。只能吃吃海鲜酱。[旺柴],$獐子岛(SZ002069)$股价不涨，买不起海参。只能吃吃海鲜酱。[旺柴],2024-01-01 00:14:00,2024-01-01,2024-01-02
301578,1386917725,遥控器能有啥价值，能有啥未来。没行业，没故事，无政策支持，没有想象空间。[想一下,$C辰奕(SZ301578)$ 遥控器能有啥价值，能有啥未来。没行业，没故事，无政策支持，没有想象空间。 [想一下][想一下],2024-01-01 00:14:04,2024-01-01,2024-01-02
000012,1386917728,祝2024年发大财,祝2024年发大财,2024-01-01 00:14:07,2024-01-01,2024-01-02
600641,1386917729,万业2024一路长虹,万业2024一路长虹,2024-01-01 00:14:08,2024-01-01,2024-01-02
300742,1386917730,我的会计只考了97分，《公司法》考了89，《金融法》考了83，有会计专业成绩好的,我的会计只考了97分，《公司法》考了89，《金融法》考了83，有会计专业成绩好的吗，解读下跨年入账问题！,2024-01-01 00:14:09,2024-01-01,2024-01-02
603877,1386917732,这里竟然没有发利好消息出来,这里竟然没有发利好消息出来,2024-01-01 00:14:12,2024-01-01,2024-01-02
300105,1386917735,龙年开门红，龙字头走起。,$龙源技术(SZ300105)$ 龙年开门红，龙字头走起。,2024-01-01 00:14:15,2024-01-01,2024-01-02
600567,1386917739,看看吴董的新年贺词,$山鹰国际(SH600567)$ 看看吴董的新年贺词,2024-01-01 00:14:22,2024-01-01,2024-01-02
300742,1386917740,gameover，今年损失惨重,$*ST越博(SZ300742)$ game over，今年损失惨重,2024-01-01 00:14:22,2024-01-01,2024-01-02
300742,1386917742,周二买不到了，新注入的龙九公司账面好几个亿现金呢？十个板没问题哇,周二买不到了，新注入的龙九公司账面好几个亿现金呢？十个板没问题哇,2024-01-01 00:14:26,2024-01-01,2024-01-02
000980,1386917753,祝众泰新能源汽车新年大吉大利[拳头]，4款新车全部上市，业绩蒸蒸日上，[上涨][,$众泰汽车(SZ000980)$ 祝众泰新能源汽车新年大吉大利[拳头]，4款新车全部上市，业绩蒸蒸日上，[上涨][上涨][上涨][上涨][上涨][上涨][上涨][上涨][上涨][上涨][上涨][上涨][上涨][上涨][上涨][上涨],2024-01-01 00:14:41,2024-01-01,2024-01-02
002625,1386917755,[图片],,2024-01-01 00:14:49,2024-01-01,2024-01-02
301236,1386917757,战友们，新年快乐，投资顺利。。,$软通动力(SZ301236)$ 战友们，新年快乐，投资顺利。。,2024-01-01 00:15:01,2024-01-01,2024-01-02
000711,1386917759,财务造假也敢买？,财务造假也敢买？,2024-01-01 00:15:02,2024-01-01,2024-01-02
002096,1386917763,易普力不蹭烟花题材是好事，该怎么走怎么走，别让烟花题材当搅棍。,$易普力(SZ002096)$ 易普力不蹭烟花题材是好事，该怎么走怎么走，别让烟花题材当搅棍。,2024-01-01 00:15:08,2024-01-01,2024-01-02
002660,1386917768,哎，没有买点了，周二一字板了，不是一字板直接砸了,哎，没有买点了，周二一字板了，不是一字板直接砸了,2024-01-01 00:15:18,2024-01-01,2024-01-02
300456,1386917770,祝各位股友2024年身体健康，财源广进，阖家欢乐！,$赛微电子(SZ300456)$ 祝各位股友2024年身体健康，财源广进，阖家欢乐！,2024-01-01 00:15:21,2024-01-01,2024-01-02
000625,1386917774,祝；长安汽车元旦快乐，一路长虹。,祝；长安汽车元旦快乐，一路长虹。,2024-01-01 00:15:32,2024-01-01,2024-01-02
601618,1386917775,$中国中冶(SH601618)$,$中国中冶(SH601618)$,2024-01-01 00:15:33,2024-01-01,2024-01-02
603396,1386917776,C919大飞机实现商飞，国产大型邮轮完成试航，神舟家族太空接力，“奋斗者”号极限,C919大飞机实现商飞，国产大型邮轮完成试航，神舟家族太空接力，“奋斗者”号极限深潜。国货潮牌广受欢迎，国产新手机一机难求，新能源汽车、锂电池、光伏产品给中国制造增添了新亮色。中国以自强不息的精神奋力攀登，到处都是日新月异的创造。,2024-01-01 00:15:35,2024-01-01,2024-01-02
873576,1386917777,上周五开始抢筹杀入了，预计节后要开始持续放量突破了,上周五开始抢筹杀入了，预计节后要开始持续放量突破了,2024-01-01 00:15:37,2024-01-01,2024-01-02
603004,1386917779,我炒的不是股，是黯淡人生的希望！是叫醒屈服灵魂的力量！是心有不甘后重新找到的方向,我炒的不是股，是黯淡人生的希望！是叫醒屈服灵魂的力量！是心有不甘后重新找到的方向！是儿时梦想烧成灰！是生活琐事里高高举起的杯！更是崩溃之后重见曙光的振翅高飞！我们必须严格自律潜心专注地学习和交易，不断放大提升自己的境界和格局！我们必须坚决果断，不做墙头草马后炮！要想在股市中成为赢家，必须经历过地狱般的折磨，才能具有征服天堂的力量！需要战胜的只是自己！再见2023，感恩相见！致敬2024，万事可期！,2024-01-01 00:15:42,2024-01-01,2024-01-02
300116,1386917781,2024新能源锂电池前途可期！,新能源、锂电池和光伏值得期待！,2024-01-01 00:15:45,2024-01-01,2024-01-02
300759,1386917784,龙年大吉，康龙无敌,龙年大吉，康龙无敌,2024-01-01 00:15:56,2024-01-01,2024-01-02
688180,1386917785,老熊啊2024年给股民们一口汤喝吧,老熊啊2024年给股民们一口汤喝吧,2024-01-01 00:15:58,2024-01-01,2024-01-02
600055,1386917787,2024万东，一路长红！,$万东医疗(SH600055)$ 2024万东，一路长红！,2024-01-01 00:16:02,2024-01-01,2024-01-02
002519,1386917788,祝吧友及全家人新的一年健康平安快乐吉祥万事如意！龙年大发财！,$银河电子(SZ002519)$ 祝吧友及全家人新的一年健康平安快乐吉祥万事如意！龙年大发财！,2024-01-01 00:16:04,2024-01-01,2024-01-02
300742,1386917797,今天没公告很正常，明天公告是31号前完成，就没问题，因为交易所规定31号不能发，,$*ST越博(SZ300742)$ 今天没公告很正常，明天公告是31号前完成，就没问题，因为交易所规定31号不能发，明天没有那大概率真的凉了。,2024-01-01 00:16:21,2024-01-01,2024-01-02
600630,1386917798,繁花带领上海股继续跨年龙,$龙头股份(SH600630)$ 繁花带领上海股继续跨年龙,2024-01-01 00:16:21,2024-01-01,2024-01-02
600905,1386917799,这一年，我们历史性、跨越式新增装机规模突破1350万千瓦，总装机规模突破4000,$三峡能源(SH600905)$ 这一年，我们历史性、跨越式新增装机规模突破1350万千瓦，总装机规模突破4000万千瓦，年发电量突破550亿千瓦时，各项指标再创历史新高。,2024-01-01 00:16:22,2024-01-01,2024-01-02
002304,1386917800,2023洋河亏6万，济川盈利6万，总体微亏,2023洋河亏6万，济川盈利6万，总体微亏,2024-01-01 00:16:26,2024-01-01,2024-01-02
600599,1386917802,缺少烟花年味就少了！,$ST熊猫(SH600599)$缺少烟花年味就少了！,2024-01-01 00:16:30,2024-01-01,2024-01-02
601319,1386917804,兴业银行发来新年贺电！,$中国人保(SH601319)$ 兴业银行发来新年贺电！,2024-01-01 00:16:35,2024-01-01,2024-01-02
600391,1386917809,大家新年快乐,大家新年快乐,2024-01-01 00:16:42,2024-01-01,2024-01-02
600375,1386917819,周一不会直接一字涨停吧,$汉马科技(SH600375)$ 周一不会直接一字涨停吧,2024-01-01 00:17:00,2024-01-01,2024-01-02
002433,1386917824,重整投资协议和重整投资框架协议有什么区别谁知道啊,重整投资协议和重整投资框架协议有什么区别谁知道啊,2024-01-01 00:17:05,2024-01-01,2024-01-02
600489,1386917825,新年好兆头，中金第一牛！,新年好兆头，中金第一牛！,2024-01-01 00:17:06,2024-01-01,2024-01-02
002002,1386917830,重整投资协议和重整投资框架协议有什么区别谁知道啊,重整投资协议和重整投资框架协议有什么区别谁知道啊,2024-01-01 00:17:11,2024-01-01,2024-01-02
000725,1386917832,新年快乐,新年快乐,2024-01-01 00:17:15,2024-01-01,2024-01-02
000595,1386917833,新年快乐祝大家发财,新年快乐祝大家发财,2024-01-01 00:17:16,2024-01-01,2024-01-02
000425,1386917838,2024新年快乐！万事胜意！身体健康！阖家幸福！,祝散户：不论是短线的，还是长线的，都能赚钱！祝徐工的管理层：努力工作，更上一层楼，把业绩搞上去！祝操盘主力：胆子再大一点，步子再快一点，把股价打上去！,2024-01-01 00:17:29,2024-01-01,2024-01-02
300556,1386917839,无论盈利亏损，祝大家2024快乐！,$丝路视觉(SZ300556)$ 无论盈利亏损，祝大家2024快乐！,2024-01-01 00:17:33,2024-01-01,2024-01-02
601166,1386917840,拜拜,拜拜,2024-01-01 00:17:34,2024-01-01,2024-01-02
300630,1386917842,2024祝大家龙年龙腾虎跃，个个飞龙在天。一起见证普利制药的腾飞，我们一起加油干,$普利制药(SZ300630)$ 2024祝大家龙年龙腾虎跃，个个飞龙在天。一起见证普利制药的腾飞，我们一起加油干[666][666][666],2024-01-01 00:17:38,2024-01-01,2024-01-02
002855,1386917846,兄弟们，跨年快乐,$捷荣技术(SZ002855)$ 兄弟们，跨年快乐,2024-01-01 00:17:40,2024-01-01,2024-01-02
300468,1386917847,2024年，四方至少涨到30元。本神华南，会成为千万富豪！[俏皮][得意][加油,$四方精创(SZ300468)$ 2024年，四方至少涨到30元。本神华南，会成为千万富豪！[俏皮][得意][加油][加油][加油],2024-01-01 00:17:41,2024-01-01,2024-01-02
600566,1386917851,2023洋河亏6万，济川盈利6万，全年微亏，期待2024～,$济川药业(SH600566)$ 2023洋河亏6万，济川盈利6万，全年微亏，期待2024～,2024-01-01 00:17:50,2024-01-01,2024-01-02
000046,1386917852,放海,放海,2024-01-01 00:17:50,2024-01-01,2024-01-02
002456,1386917856,新年快乐呀各位,新年快乐呀各位,2024-01-01 00:17:54,2024-01-01,2024-01-02
601166,1386917858,兴业开盘有两个可能，不是涨，就是跌[呲牙][呲牙][呲牙],兴业开盘有两个可能，不是涨，就是跌[呲牙][呲牙][呲牙],2024-01-01 00:17:57,2024-01-01,2024-01-02
603818,1386917863,这样的股票也敢买入，财务数字有几分可信？,这样的股票也敢买入，财务数字有几分可信？,2024-01-01 00:18:02,2024-01-01,2024-01-02
301526,1386917871,创业板史上最低的新股，而且涵盖着各种晶源，光伏，5G，华为等多种热门题材。可是，,创业板史上最低的新股，而且涵盖着各种晶源，光伏，5G，华为等多种热门题材。可是，就是不长，因为没有庄家介入，是金子总要发光的，下周继续下跌就分批逐渐买入，赔时间不会赔钱，只要是价格够低，题材丰富，早晚会涨的，C国际复，极具投资价值，的创业板低价新股，也是史上最低的创业板新股。,2024-01-01 00:18:24,2024-01-01,2024-01-02
002458,1386917872,这货应该有大涨，这几天,这货应该有大涨，这几天,2024-01-01 00:18:27,2024-01-01,2024-01-02
300471,1386917873,关注厚普股份，冬奥会氢能源设备提供商，打破国外氢能源垄断，厚普股份给船加甲醇、氢,$五 粮 液(SZ000858)$ 关注厚普股份，冬奥会氢能源设备提供商，打破国外氢能源垄断，厚普股份给船加甲醇、氢能源、天然气，龙头企业。股价随时涨停。 近日，交通运输部等五部门联合印发了《关于加快推进现代航运服务业高质量发展的指导意见》。《指导意见》提出到2035年，形成功能完善、服务优质、开放融合、智慧低碳的现代航运服务体系$厚普股份(SZ300471)$ $京城股份(SH600860)$,2024-01-01 00:18:27,2024-01-01,2024-01-02
600733,1386917875,我举报表姐了，有用吗？,我举报表姐了，有用吗？,2024-01-01 00:18:30,2024-01-01,2024-01-02
300308,1386917877,新年快乐，祝各位中际旭创股东新的一年股价翻倍[鼓掌][鼓掌][鼓掌][鼓掌][鼓,$中际旭创(SZ300308)$ 新年快乐，祝各位中际旭创股东新的一年股价翻倍[鼓掌][鼓掌][鼓掌][鼓掌][鼓掌],2024-01-01 00:18:31,2024-01-01,2024-01-02
002456,1386917880,你好，2024！,你好，2024！,2024-01-01 00:18:47,2024-01-01,2024-01-02
300440,1386917883,龙年运达……,龙年运达……,2024-01-01 00:18:50,2024-01-01,2024-01-02
300343,1386917885,哪位老师分析一下联创股份目前情况到底是优还是差？,哪位老师分析一下联创股份目前情况到底是优还是差？,2024-01-01 00:18:52,2024-01-01,2024-01-02
002318,1386917887,新年新气象！！！,$久立特材(SZ002318)$,2024-01-01 00:18:58,2024-01-01,2024-01-02
000620,1386917889,1月份会跌破1元。,1月份会跌破1元。,2024-01-01 00:19:05,2024-01-01,2024-01-02
002962,1386917890,$五方光电(SZ002962)$,$五方光电(SZ002962)$,2024-01-01 00:19:05,2024-01-01,2024-01-02
000889,1386917891,龙年鸿运 中嘉科技100个涨停,中嘉科技 科技中的科技 有中国苹果之称 万亿市值概念 [大笑][鼓掌][发财],2024-01-01 00:19:11,2024-01-01,2024-01-02
002510,1386917892,新年快乐[福][福][福][发财][发财][发财],新年快乐[福][福][福][发财][发财][发财],2024-01-01 00:19:11,2024-01-01,2024-01-02
002962,1386917899,我炒的不是股，是黯淡人生的希望！是叫醒屈服灵魂的力量！是心有不甘后重新找到的方向,我炒的不是股，是黯淡人生的希望！是叫醒屈服灵魂的力量！是心有不甘后重新找到的方向！是儿时梦想烧成灰！是生活琐事里高高举起的杯！更是崩溃之后重见曙光的振翅高飞！我们必须严格自律潜心专注地学习和交易，不断放大提升自己的境界和格局！我们必须坚决果断，不做墙头草马后炮！要想在股市中成为赢家，必须经历过地狱般的折磨，才能具有征服天堂的力量！需要战胜的只是自己！再见2023，感恩相见！致敬2024，万事可期！,2024-01-01 00:19:20,2024-01-01,2024-01-02
600777,1386917903,龙年再励！[胜利][愉快]指尖一点，一切搞掂；宝剑一亮，黄金万两！[献花][财力,$新潮能源(SH600777)$龙年再励！[胜利][愉快]指尖一点，一切搞掂；宝剑一亮，黄金万两！[献花][财力][财力][财力][偷笑],2024-01-01 00:19:26,2024-01-01,2024-01-02
002241,1386917904,新年快乐呀各位,新年快乐呀各位,2024-01-01 00:19:28,2024-01-01,2024-01-02
601012,1386917907,转发,转发,2024-01-01 00:19:33,2024-01-01,2024-01-02
000002,1386917908,新年新气象！！！！！,$万 科Ａ(SZ000002)$,2024-01-01 00:19:35,2024-01-01,2024-01-02
002671,1386917911,龙年！从龙股涨起吧…,$龙泉股份(SZ002671)$ 龙年！从龙股涨起吧…,2024-01-01 00:19:39,2024-01-01,2024-01-02
002241,1386917919,$歌尔股份(SZ002241)$,$歌尔股份(SZ002241)$,2024-01-01 00:19:56,2024-01-01,2024-01-02
600506,1386917922,[怒][怒][怒][怒][怒][怒]，我已经够有耐性了，看它有可能是牛股，,$统一股份(SH600506)$ [怒][怒][怒][怒][怒][怒]，我已经够有耐性了，看它有可能是牛股，拿了一个月了，刚卖了两天就涨停,2024-01-01 00:19:58,2024-01-01,2024-01-02
300837,1386917926,新年发大财,新年发大财,2024-01-01 00:20:13,2024-01-01,2024-01-02
002414,1386917928,繁花，414,繁花，414,2024-01-01 00:20:15,2024-01-01,2024-01-02
601127,1386917929,祝看见这个帖子就来点赞的老铁今年都发大财！,$赛力斯(SH601127)$ 祝看见这个帖子就来点赞的老铁今年都发大财！,2024-01-01 00:20:15,2024-01-01,2024-01-02
000782,1386917931,祝大家2024年，美达股份所有人解套，股价整年节节高。,$美达股份(SZ000782)$ 祝大家2024年，美达股份所有人解套，股价整年节节高。,2024-01-01 00:20:18,2024-01-01,2024-01-02
688048,1386917932,2024雄起,2024雄起,2024-01-01 00:20:19,2024-01-01,2024-01-02
000638,1386917933,2024方方翻n倍,2024方方翻n倍,2024-01-01 00:20:19,2024-01-01,2024-01-02
603121,1386917941,祝福华培动力所有股友，2024咱们在60元见！[献花][献花][福][福][勾引,祝福华培动力所有股友，2024咱们在60元见！[献花][献花][福][福][勾引][勾引],2024-01-01 00:20:28,2024-01-01,2024-01-02
600732,1386917944,转发,转发,2024-01-01 00:20:32,2024-01-01,2024-01-02
002952,1386917946,人气一直下降这下要跌停了[卖出][卖出][卖出][卖出][卖出][卖出],$亚世光电(SZ002952)$ 人气一直下降这下要跌停了[卖出][卖出][卖出][卖出][卖出][卖出],2024-01-01 00:20:33,2024-01-01,2024-01-02
838402,1386917951,加油,加油,2024-01-01 00:20:40,2024-01-01,2024-01-02
601166,1386917952,$兴业银行(SH601166)$,$兴业银行(SH601166)$,2024-01-01 00:20:40,2024-01-01,2024-01-02
603995,1386917955,下周二，暴力直线拉涨停！,下周二，暴力直线拉涨停！,2024-01-01 00:20:47,2024-01-01,2024-01-02
600743,1386917956,新年快乐,新年快乐,2024-01-01 00:20:48,2024-01-01,2024-01-02
601127,1386917957,这股吧真热闹，祝大家明天开门吃涨停[旺柴],$赛力斯(SH601127)$ 这股吧真热闹，祝大家明天开门吃涨停[旺柴],2024-01-01 00:20:53,2024-01-01,2024-01-02
002783,1386917958,预期落空，要开板咯,预期落空，要开板咯,2024-01-01 00:20:56,2024-01-01,2024-01-02
002682,1386917959,消息出来了，明天会操作了吗？,？,2024-01-01 00:20:58,2024-01-01,2024-01-02
300634,1386917960,祝彩讯2024大涨！,祝彩讯2024大涨！,2024-01-01 00:20:59,2024-01-01,2024-01-02
